Layer,Name,GEOID,Longitude,Latitude,HCSDIAP_2016-2018,VRDIAR_2015-2019,VRDIBR_2015-2019,VRCAR_2015-2019,VRADR_2015-2019,HCSHYTP_2016-2018,HCSOBP_2016-2018,VRCHDR_2015-2019,HCSPAP_2016-2018,HCSSP_2016-2018,HCSRCP_2016-2018,HCSSMKP_2016-2018,HCSBDP_2016-2018,HCSFVP_2016-2018,HCSFVAP_2016-2018,LFA_2019,PMC_2020,UNS_2015-2019,HDX_2015-2019,VRLE_2019,HCSNCP_2016-2018,VRBWP_2013-2017,HCSOHSP_2016-2018,INC_2015-2019,POV_2015-2019,SNP_2015-2019,TNF_2015-2019,EDB_2015-2019,EDE_2015-2019,PCT-F_2015-2019,PCT-W_2015-2019,PCT-B_2015-2019,PCT-A_2015-2019,PCT-H_2015-2019,POP_2015-2019,POP-I_2015-2019,POP-J_2015-2019,POP-Y_2015-2019,POP-O_2015-2019,POP-S_2015-2019
Community area,Rogers Park,1,-87.670171,42.00963,11.2,29.3,78.6,186.2,25.2,26.5,33.5,161.1,24.9,16.5,74,21.7,24.5,37.3,68.3,5.678961567,8.9817777,13.08664366,61.63058518,75.60914296,79.4,8.8,77,46315.10391,24.9258199,18.81741234,3.906104264,87.38268523,45.75484692,50.63414551,43.96518305,26.13015021,5.132455224,20.6356402,52553.20678,3124.390755,6678.308255,21570.20366,16430.33099,4749.973126
Community area,Norwood Park,10,-87.803451,41.985248,9.3,18.1,48.2,169,36,30.7,27.9,120.9,15.8,6.7,82.8,13.6,17.4,19.9,85.4,57.98229505,9.41049152,3.398756936,22.13973836,80.67354408,88.6,6,92.1,88796.27601,6.701653074,5.383086795,1.917656267,92.21878419,39.2616045,51.9586459,77.9860184,0.822230154,4.232330638,14.10841972,38676.02969,2368.615994,5266.524349,10339.69791,13210.135,7491.056443
Community area,Jefferson Park,11,-87.771165,41.978836,9.8,11,37.9,169.1,15.1,29.3,20.8,105.8,26,24.4,73.2,14.8,22.2,31.2,65.3,9.388207424,9.355887311,8.278528174,38.30442405,80.76975216,88.1,9.8,89.2,82186.64936,9.81145393,9.318884193,1.868289048,90.91171616,35.57151472,51.95583949,63.12791878,1.018365622,8.970528826,24.33580674,27475.35983,1706.307244,3913.687375,8049.428085,9402.43527,4403.501859
Community area,Forest Glen,12,-87.758358,41.993938,,5.6,27.5,142.8,22.1,24,20.3,78.3,24.6,17.5,91.5,18.9,31,40.4,82.5,17.51988455,9.281629413,3.824602207,16.69664745,83.1913665,93.9,6.8,83.7,134527.4755,4.414242405,2.984154244,0.669694201,94.65368556,58.2582373,52.64677233,72.72635931,1.266395005,9.213158486,14.28402573,19361.55814,1300.74871,3603.149463,4134.884681,6765.473444,3557.301842
Community area,North Park,13,-87.723578,41.983651,17.3,27.4,62.2,133.3,16.3,40.3,39.9,75,23,15.9,85.2,,,30.8,80.9,76.77811541,9.244253306,6.387876155,50.36472084,81.60838803,90.1,7.4,93.5,63921.43084,11.32781701,14.69287052,3.378913776,89.11403795,47.65023419,52.90771788,51.13441344,2.181057158,22.71371692,20.41098481,18896.62848,1432.360534,2841.161052,5488.673648,5390.274835,3744.158407
Community area,Albany Park,14,-87.721558,41.968078,12.1,23.5,67.2,152.3,21.6,26.6,29.5,90.2,22.6,24.9,73.8,12,14.3,29.1,78.5,3.897791363,9.287724631,15.3760972,59.7369009,80.31388755,85.4,7.4,76.4,68434.85353,14.34266274,15.29591242,2.795595393,81.48670524,38.13691877,49.84176085,35.38392704,4.368735897,14.53640279,42.58721802,49941.76563,3121.476136,8062.98088,19083.94028,14612.99883,5060.369504
Community area,Portage Park,15,-87.763401,41.954043,8.7,24.2,47.3,161,22.7,27.7,36.3,113.9,26.9,19.6,77.2,9.2,22.2,34.4,75.3,24.8257787,9.418271823,11.057903,48.10723749,80.61657437,88.8,7.1,86.6,74227.47646,9.399213366,10.30089976,2.213122427,85.73303263,32.70181747,50.72624911,47.78334529,1.513465162,5.420289905,42.2668307,64579.12902,3617.336732,10044.43177,19847.31038,22791.75071,8278.299422
Community area,Irving Park,16,-87.723457,41.953589,9.7,25,50.8,155.5,31.2,29.4,31.4,88.8,29.9,19.1,75.8,26.2,32,27.5,68.1,15.21559902,9.336387928,12.25978579,32.29548269,79.27299468,86.3,8.1,82.5,79563.42207,8.704218816,8.599228151,2.494164211,86.88819443,43.41533394,50.0549972,46.24164998,3.257048197,8.757893072,37.99272072,53468.35356,3462.262669,7144.95757,19401.1303,17819.99472,5640.008303
Community area,Dunning,17,-87.806015,41.946522,8.2,16.2,47.3,176.8,29.2,21.2,31.5,127.6,23.2,31.5,68.1,8.9,17.4,17.7,73.5,47.36047938,9.522952206,8.280369859,36.36112855,79.80971971,85.9,8.1,86.2,75255.62988,6.959865042,6.235984073,1.736011961,89.44521665,26.65965515,51.77634227,64.11560954,1.846792707,5.689432597,27.72236072,43400.97756,2384.661676,6501.930772,11727.49049,15143.34181,7643.552804
Community area,Montclare,18,-87.798033,41.929306,,20.9,59,191.3,37.4,27.4,41.6,175.4,37,21.2,65.6,23.4,,33.1,79,0.075825263,9.553488404,10.56580059,59.70596593,77.09737294,86,8.9,85,54792.98018,11.6889146,15.99975067,4.581928289,79.71629559,17.03990582,52.75676117,31.05180774,2.844893766,3.098037733,60.27108123,14305.19501,1047.344065,2102.044851,4347.048732,4384.252627,2424.504733
Community area,Belmont Cragin,19,-87.765502,41.927275,10.9,27.5,61.1,152.2,18.5,27.2,25.9,120.6,32.8,24.8,71.6,13.4,22.2,18.9,59.3,0.009706785,9.500822776,16.41979393,79.47284267,79.23614079,81.9,8.2,75.6,56322.83931,15.79229789,19.3952777,2.943177999,68.59920528,13.41331745,50.49292832,14.03750406,2.571348579,2.014199738,80.06349168,78649.24767,5243.532658,15743.17474,24963.87445,25117.60017,7581.06565
Community area,West Ridge,2,-87.695017,42.001583,11.3,29.7,61.9,158.4,21.2,29.7,24.2,104.7,26.3,17,76.8,13.6,24.2,23.6,71.7,9.326422029,9.091319539,11.82210294,71.53376827,80.42957233,82.9,8,84.2,65002.61479,19.52028209,20.18953598,4.139227323,82.20894906,41.09134942,50.56646715,43.44442771,11.1515094,22.32746543,18.23088105,78444.20231,6718.708661,13895.90758,23426.27417,23949.49632,10453.81559
Community area,Hermosa,20,-87.734741,41.924353,8.2,18.8,61.2,150.5,12.9,36.2,45.2,84.7,36,33,89.3,22.8,18.9,25.7,49,0.001560224,9.446263608,18.5206547,77.54939625,79.5034397,70.6,7,82.4,50508.49705,16.45826517,19.98638321,4.399555095,66.67066976,16.06292489,47.17781348,11.29687445,3.844620468,2.209877438,82.01113952,23534.166,1558.320785,3931.818829,8165.376921,7382.327065,2496.322397
Community area,Avondale,21,-87.711219,41.938673,12.1,20.5,47.6,130.2,24,37,42,87.5,25.6,14.7,79.7,9.8,37.9,27.3,64.4,0.008583818,9.349995308,16.69399928,50.03811097,82.16059448,80.4,7.2,77.7,72202.96222,14.32127063,10.36619026,3.681657751,80.85072511,38.41100185,49.44549868,36.29005683,2.201739988,4.556657283,54.59915008,38127.17523,2379.959921,5494.061954,16409.92595,10158.08667,3685.140726
Community area,Logan Square,22,-87.699149,41.922768,10.2,27.5,70.7,126.6,22.2,26.5,22.9,85.1,18.7,18.1,70,19,34,36.9,70.5,0.010476548,9.3736614,7.819741306,22.27813216,81.30354492,90.9,7.1,81.1,93932.60987,11.31641683,8.687294284,1.649531966,91.31762211,57.90441686,48.93499769,51.54422069,3.705324305,4.426839401,37.37208718,72410.23576,4877.695768,7986.013775,36709.61623,17703.62274,5133.287246
Community area,Humboldt Park,23,-87.720917,41.90008,12.8,32.4,85,173,16.6,23.2,33.5,116,39.8,33,68.9,32.4,27.5,13.9,56.9,16.42626303,9.49179858,16.18101645,86.8238451,73.68327912,84.3,10.2,66.2,41646.25531,26.68089561,35.62252216,5.865785081,72.70364638,14.96273108,52.78135168,6.962562042,38.55602735,0.648594229,52.84409489,55049.31958,4022.084333,10952.61572,18203.51058,16597.64617,5273.462771
Community area,West Town,24,-87.676358,41.901216,7,19.2,62.6,149.7,34.8,23.1,21.5,103.9,13.1,19.7,65.2,14.1,36,30.4,76.5,0.61131395,9.38838812,5.78411832,11.85767275,81.07015096,86.9,7.4,88.5,112881.1092,10.89194166,8.000573035,1.525392077,93.90611851,68.02413217,46.90383631,61.77809804,7.903399569,5.393424287,22.2676801,84714.80834,5310.68826,6174.770476,48626.65022,19560.17425,5042.525139
Community area,Austin,25,-87.763117,41.894113,12.4,38.4,97.5,230.9,26.2,39.2,38.4,115.3,34.9,35.9,85.3,33.9,18.4,17.3,55.4,32.40761713,9.578360788,11.58304308,76.46892918,71.01246642,83.6,14.2,77,43187.31572,25.38345019,32.62787171,5.077780414,81.41350923,16.60712434,52.84884372,7.566063273,73.35381039,0.661556994,17.33829067,93940.66633,6552.171585,16274.96491,28780.94209,28954.07984,13378.50791
Community area,West Garfield Park,26,-87.730233,41.878602,16.1,36,104.1,263.4,22.5,34.5,48.4,107.5,39.7,47.3,83.4,29.5,13,23.1,62.7,0.05012273,9.563365179,10.16798743,94.9924952,69.05180762,82.4,16.2,61.7,27406.09488,39.0036086,50.41769244,4.093202918,72.71826174,6.309076598,52.7492718,2.293520163,93.42613861,0.000813647,2.940259359,16414.88891,1328.206497,3512.882565,5010.088173,4607.456566,1956.255105
Community area,East Garfield Park,27,-87.705892,41.878923,10.9,43.3,97.3,252.9,24.2,25.6,43.5,109.4,39.1,30.1,92.6,32,25.8,25.2,72.2,52.33567965,9.512567543,7.576898591,93.20878665,67.72510963,87.6,15.3,71.2,26139.09615,44.35119866,46.16812961,7.292025163,75.86332091,15.87291078,55.72634891,6.275959977,87.63573335,0.609837195,3.427970706,18950.7186,1434.769,4234.465549,5966.624068,5386.883515,1927.976469
Community area,Near West Side,28,-87.663513,41.874016,7,35.3,76.6,190.6,11.2,20.6,24.1,104.8,16.6,19.1,73.6,13.6,25.8,27.7,78.8,16.38990408,9.43296318,4.860240522,50.94110412,75.96370765,89,10,87.9,80801.07559,25.43734147,18.23869751,4.330866889,89.27472432,56.41611296,51.23060951,36.69465681,35.95627021,14.28581653,9.862030925,63280.09464,3687.491544,5780.412155,34520.94867,14673.0012,4618.241074
Community area,North Lawndale,29,-87.717218,41.860197,9,34.8,85.3,244.2,21.3,29.7,44.1,98.6,25.2,44,77.2,26.8,21.9,15,49.8,22.33854517,9.566794346,10.51590784,88.74929629,69.14198732,82.7,14.5,82.1,32051.04136,38.13909173,44.59711035,4.304524768,77.56074461,12.50432693,53.31771275,4.515240708,83.7398329,0.138990481,10.18384178,32086.48004,2070.039655,6558.971546,10831.69731,9174.029349,3451.742175
Community area,Uptown,3,-87.655899,41.965822,5.4,31.7,75.2,173.9,24.1,28,20,139.6,20,18.8,66.4,14.9,30,30,76.5,0.015916415,9.116226237,7.603255155,29.55120426,76.00564455,93,8.7,86.3,65737.02385,17.66577693,12.53322011,2.882839962,91.56622203,60.94382875,48.23776961,57.93713351,15.83449115,10.44933983,12.94798114,53663.31725,2273.604969,4643.629201,23800.71139,16733.15128,6212.220414
Community area,South Lawndale,30,-87.714,41.839091,12.2,31.1,64.3,146.8,18.7,20.5,41.5,64.2,32,30,69.7,13.4,29.3,14.1,55.8,4.793402884,9.585700736,22.52418279,94.12451335,78.92705826,70.3,8.2,75,37292.54864,27.97049844,24.35586755,4.527506408,56.32899641,7.845295195,42.03373359,3.983722918,13.29905919,0.121513748,82.41418462,72091.38308,5232.008648,13884.14898,27749.10714,18529.35968,6696.758631
Community area,Lower West Side,31,-87.66757,41.850277,11.6,22.8,61.5,128.8,7.2,17.7,19.9,84.9,24.2,25.4,61.9,16.2,43.3,37.6,60,12.09545273,9.48510826,15.02950444,61.47373077,80.94894457,77,8.5,81.2,54562.11008,15.41049229,16.17032708,4.470769976,73.24255342,31.53250923,47.87225648,22.51154809,3.875429176,2.694399331,69.77576864,33050.02182,1785.513444,4586.435265,14593.93819,8841.216567,3242.91836
Community area,Loop,32,-87.625194,41.878881,,9.9,20.9,138.7,7,16.5,6.7,53,12,18.8,74,13.1,27.7,34.2,81.2,0.003459359,9.342797313,3.881019934,4.252745034,81.24638184,81.6,7.8,92.3,124158.517,11.38177031,1.464234347,0.702396465,97.95213623,83.20981391,50.85988739,60.28354985,8.178971603,19.65432969,8.542540274,35958.49753,980.92373,1122.259588,21456.9628,8791.820244,3606.531168
Community area,Near South Side,33,-87.620344,41.857196,,24.9,53.8,162.8,10.3,20.5,13,75.5,13.3,11.9,70.7,13.3,33.6,25.5,74.7,3.934558205,9.386315475,3.196165748,2.648196293,79.44356352,85.3,9.2,94.6,112132.526,10.2572696,13.23588147,1.269450392,96.29926746,71.72858442,56.52232695,48.7751431,27.22374521,15.77453437,5.035776312,19810.00614,706.723541,1731.05599,8109.504017,7062.739972,2199.982619
Community area,Armour Square,34,-87.633976,41.842083,,13.3,36.9,156.5,19.4,,,75.3,54.5,,82.3,,,,78.1,18.8411405,9.42609763,7.890138468,90.94099942,80.73341299,66.9,8.8,56.7,33603.18811,37.39262374,31.49027613,3.256948768,63.46281254,23.52819951,52.68435792,14.60791202,19.13836618,60.79367426,4.900417856,13585.42411,646.554402,1632.604671,3504.552701,4437.375089,3364.337247
Community area,Douglas,35,-87.61868,41.835122,3.8,35.4,65.9,245.8,24.1,28.2,26.2,108.4,24.7,19.9,83.7,13.9,26.4,37.5,45.7,36.58106936,9.403034305,6.618991979,61.73841386,72.07632994,64.9,12,77.7,43607.38095,34.93128736,23.92135805,2.776549285,89.41365683,44.42877596,53.34551585,11.83290896,63.28382148,17.08393806,3.483089858,18763.46336,1059.61999,2401.171075,7892.274584,4598.731552,2811.666155
Community area,Oakland,36,-87.603217,41.823754,,68.9,126.7,298.9,9.8,20.5,33.8,120.1,41.6,26.1,81.5,,26.8,25.1,35.7,7.803663052,9.371635443,5.312645359,80.88065199,66.8346091,95,14.1,68.2,36117.46876,24.73031645,36.61243364,4.120333184,90.53390371,33.89857881,56.86913431,2.937098742,91.39485796,0.784862924,3.839890207,4425.440249,319.582259,1116.383684,1245.135502,1337.806111,406.532693
Community area,Fuller Park,37,-87.632427,41.809082,,20,65.1,288.8,19.9,,,91.9,32.7,47.4,64.8,36.3,53,,65.4,97.10123325,9.44334651,6.140286091,95.30105473,66.2994096,84.8,19.4,62,25681.97272,29.33868489,47.81816283,8.287209166,78.7730719,8.850113519,50.77679667,2.277224879,90.95418367,0.073537199,6.297364178,2396.551147,121.67215,300.284957,614.93866,727.347522,632.307858
Community area,Grand Boulevard,38,-87.61786,41.812947,5.3,36.9,74.7,258.5,15.7,40.5,34.2,102.9,31.5,26.7,85.3,16.2,21,32,64.5,10.53780485,9.408887373,7.026991212,78.99573848,73.8870092,79.6,12.4,84.9,40879.26322,29.02468275,38.62639954,3.565013617,87.01296281,32.68495871,58.55950814,3.71489584,91.14513896,0.90927736,1.971740057,22636.70095,1664.412708,3752.338531,6762.820992,7043.893573,3413.235141
Community area,Kenwood,39,-87.596186,41.808918,4.9,20.1,40.3,171.8,19.3,28.9,26.2,71.4,19.4,17.4,69.5,18.9,21.8,35.2,68.7,5.770261442,9.350775081,6.348883713,36.1475687,80.503191,75.3,10.3,87.6,59019.4863,19.4314313,17.59303329,1.246674877,94.38049253,59.61346555,54.89093416,18.97073979,66.63393197,6.938359941,2.648838285,14201.38874,1033.486368,1873.239063,4815.314448,4235.594302,2243.754558
Community area,Lincoln Square,4,-87.687513,41.975182,7,31,56.7,158.8,12.7,27.7,23,97.1,19.1,8.6,76.1,11.6,28.4,44.1,83.1,7.902761706,9.172839381,7.659872796,18.23854884,81.53719692,88.6,6.6,84.5,90456.56004,8.160976675,5.234430845,1.262475772,93.07048663,63.82224656,51.11315903,64.33268593,3.921056385,9.017600818,18.78526996,42033.84187,3239.513176,3882.570816,18125.71639,12874.41756,3911.623929
Community area,Washington Park,40,-87.617936,41.792356,,53,102.8,290.2,14.8,32.7,42.8,100.2,26.9,60.1,93.5,30.4,28,25,42.3,65.45696032,9.417802736,6.932927395,91.85211989,70.37679428,56.4,15.1,60.9,29350.62498,37.18427355,48.91580901,6.407337794,84.24428348,17.51158868,60.02580445,1.035642577,90.28025273,9.23E-05,4.624425642,10969.04305,921.77228,2459.641609,3841.403277,2903.549029,842.676857
Community area,Hyde Park,41,-87.592305,41.794088,1.7,14.1,35,144.2,23.5,18,15.4,64.5,14.7,8.2,71.4,8.6,14.5,29.4,75.4,12.35911569,9.350049274,5.592692056,30.34573245,82.67397973,90.9,7.8,91.7,67101.31103,20.82237568,5.22455518,1.016133427,96.88216465,79.74901434,52.81737456,51.46730344,23.44021969,13.51810005,7.562741125,22487.8871,741.612791,1867.99606,11463.37484,5231.46676,3183.43665
Community area,Woodlawn,42,-87.594924,41.778877,10.3,29.8,67.8,221.6,23.5,36.3,46.8,124.9,27.1,34.2,71.8,20.4,9.4,23.3,48.4,36.92125475,9.364003491,8.799483481,84.42099965,75.28139572,78.9,14.4,77.7,31305.03915,35.50761218,38.78081481,4.658255913,86.40474461,28.54311163,58.26961119,5.835211375,86.01079972,2.765147468,2.654173426,22922.63445,1532.935915,3719.960559,8309.407043,6598.228901,2762.102027
Community area,South Shore,43,-87.57279,41.761583,12.4,48.1,90.2,209.5,19.4,39.3,37.4,103.4,23.6,38.2,86.1,25,18.5,26.2,61.1,57.59598798,9.313794869,7.734179665,78.7679884,71.86893208,79.7,13.1,79.7,38934.18053,31.09504775,36.24945279,4.576844751,91.15998026,24.71046419,56.94146323,2.403549527,93.863653,0.224591028,2.136249366,43755.22352,3177.316623,7563.501365,13683.06268,13635.69315,5695.649708
Community area,Chatham,44,-87.615965,41.740206,12.9,29.4,72,192.4,33.6,36.5,40.5,103.6,30.4,27.4,89.9,31,22,26.2,65.8,55.05621117,9.438353519,11.25419744,77.80152283,72.0586293,87.7,14.2,84.2,45086.66102,23.78522912,31.80978101,4.452383979,88.05125186,25.86017539,54.80155538,1.479528562,96.14455114,0.668234582,0.845970773,31122.17415,2150.896051,4524.767112,8743.4843,10736.76936,4966.257335
Community area,Avalon Park,45,-87.586347,41.744197,12,32.2,63.9,198.5,27,43.5,54.4,81.3,33.7,50.8,85.1,30.4,15.9,9.3,48,19.1656069,9.362659744,5.288533958,77.64909705,74.62197903,76.7,11.8,73.3,48350.16392,20.80542813,22.76767834,2.463226155,89.27020048,27.19868203,57.03046783,0.976846631,96.54492813,0.673437585,0.092865881,9589.463276,647.947132,1050.646758,2508.283535,3268.20815,2114.377701
Community area,South Chicago,46,-87.551435,41.741243,15.7,33,67.9,223,20.7,33.3,45.2,104.3,40,41.4,94.5,35.3,13.6,22.1,59.3,25.35403261,9.263112319,9.701525158,84.17969262,71.69052552,74.9,12.7,76.6,40967.95555,28.83807625,38.05020282,3.922193549,82.77919825,18.35379491,54.72255481,2.643066325,77.54172387,0.627747387,18.46333712,28332.44889,2177.050616,5592.440985,8081.065533,8436.552299,4045.339452
Community area,Burnside,47,-87.59647,41.728181,,41.5,61.7,171.6,14.8,61.6,,104.1,,,97,,,,,94.25310114,9.397570875,15.4921796,84.34803017,72.64452209,60.4,15.3,58.9,30628.51913,15.70858549,33.20306901,1.578111403,84.59892719,15.04580758,50.46550726,0.499732563,96.26053398,0.000133518,1.944381286,1996.719897,34.966904,230.938338,594.086806,607.630127,529.097722
Community area,Calumet Heights,48,-87.57272,41.729673,15.6,33.5,66.3,188.3,33.2,30.2,35,86.2,32.7,50.1,84.4,14.9,13.6,24.9,70.1,40.11769051,9.330004941,6.954515434,60.03190369,74.76568444,87.1,13.9,77,49135.9522,15.66590332,20.463092,4.500694411,91.38300553,26.15145925,55.56832033,1.210590916,93.32184807,0.138748987,4.577751307,12798.74046,455.371558,1644.996122,3026.194307,4721.652188,2950.526286
Community area,Roseland,49,-87.623366,41.706588,17,34.6,67.5,209.8,31.6,33.5,52.4,112.2,31.6,33.2,88.7,27.1,16.3,16.9,57,66.60290131,9.448151366,7.34588743,84.03404449,71.46844891,83.4,14,75.4,44055.8256,23.40932363,35.99928701,4.774393069,85.12860109,20.60483611,53.01684053,1.60688351,94.72067869,0.545026817,1.233869652,39252.9895,2367.800003,6528.361729,10921.05947,12335.15358,7100.614715
Community area,North Center,5,-87.683839,41.947811,5.9,20.2,39.4,144.3,28.7,20.1,16.6,67.8,15.7,24.3,76.6,17.9,37.3,31.1,81.2,15.9023273,9.255100265,3.049887452,5.133677466,82.97156989,90.4,6.3,83.4,130550.3829,5.289348181,5.370080053,2.367809281,93.15537067,72.29927302,50.92597363,74.08862747,2.46555983,5.448641679,14.06902034,35603.0292,3120.653067,6033.147364,12963.39007,10569.45849,2916.380209
Community area,Pullman,50,-87.598252,41.706131,10.7,31.2,70.8,218.5,26.3,28.1,32.3,113.7,19.8,18,89.8,17.8,,36.6,71.6,77.87579885,9.396961736,5.939075808,65.16112645,73.14931057,82.8,14.9,87.9,42515.92784,19.74318662,30.26267347,3.039086967,89.33785629,22.82521129,56.15333443,6.326214151,86.9685,0.072764441,3.743132587,6881.377037,509.94857,758.323507,2113.015876,2421.694608,1078.394476
Community area,South Deering,51,-87.570058,41.690639,19.7,31.5,68.9,213.1,25.1,46.1,40.8,89.6,34.9,36.4,89.5,29.2,15.9,20,51.1,70.77016933,9.341557381,8.142822578,94.26360474,73.97456952,80.7,10.7,82.5,31576.25799,38.26963916,41.04695986,5.273044131,75.2108216,12.64847148,55.30157154,4.793742445,55.1446667,0.000422898,39.8075285,15488.0447,875.142707,3431.65827,4587.381896,4158.850851,2435.010973
Community area,East Side,52,-87.534907,41.707306,,34.9,79.1,186,30.2,12.7,31,99.6,29.6,49.4,68.5,18.3,23.4,27.9,71,23.52764481,9.251348273,10.42078283,84.75515182,78.25126976,78.2,7.5,78.3,53702.85001,17.91975221,31.13433631,4.085205613,68.01302974,11.57813243,50.28382893,12.29996541,4.483689686,0.398133966,82.69896438,23448.75298,1611.411715,5427.004133,6958.178538,6850.556912,2601.601682
Community area,West Pullman,53,-87.635745,41.67382,12.5,34.1,70.1,217.2,32.6,28,45,115.2,42.9,41.8,83.4,19.2,20.1,17.1,57.1,63.66904482,9.468822826,8.621425128,82.58626122,70.46329309,77.8,12.8,70.6,47004.93067,22.40858195,31.43023561,4.780024169,86.04735055,18.18470859,53.6343084,0.818625771,92.1451828,1.44E-05,5.181751152,26700.34413,1868.847832,4724.959416,7741.832925,8109.136017,4255.567943
Community area,Riverdale,54,-87.602849,41.660137,,73.6,134.2,200.3,19.5,,24.1,122.8,34.4,,95.7,32.8,,,64.4,99.84786047,9.417760409,7.904578654,98.57934041,67.96491219,65.2,13.4,90.5,16500.62827,53.85968225,61.35968202,7.754771216,84.11274809,5.989365641,64.84111401,1.537936589,95.28294868,0.223453161,2.95240697,7325.656375,953.453814,2066.081496,2462.058485,1487.937343,356.125237
Community area,Hegewisch,55,-87.556803,41.668188,15.5,22.9,46.8,170.3,28.3,33.5,49.9,71.6,33.1,38.8,82.3,27.2,,27.1,76.5,30.8941741,9.323610057,9.819302443,61.6935105,77.24116532,84.3,8.1,57.5,58217.77172,16.79079736,17.2053808,7.104278315,84.53446426,16.49613533,48.89553216,34.93027818,4.392216385,0.000660079,60.47007549,9003.049938,417.320275,1417.013193,2505.019082,2981.134304,1682.563084
Community area,Garfield Ridge,56,-87.764246,41.796185,18.5,15.1,43.4,177.6,31.7,32.3,37.3,111.3,27.3,39.8,79.7,10.6,28,27.3,74.1,47.73698889,9.687695538,8.101100955,59.95636874,79.93879694,89.1,5.8,81.1,80226.40713,8.46991025,10.50052581,2.63451045,82.37571508,20.67974413,49.60123431,39.07292285,7.514129037,1.615995433,51.13147879,37113.7674,2328.270274,6641.405443,10204.82302,12135.5501,5803.718563
Community area,Archer Heights,57,-87.726365,41.810873,,33.8,69.7,131,21.3,33.7,55.4,70.8,44.5,19.9,83.5,,,,58.8,0.584612868,9.62602809,10.23939081,84.77383277,78.87876571,86.4,6.1,71.5,56529.16783,14.12795579,16.43629603,2.69031016,68.82374139,14.51152755,50.14899332,15.98937237,0.427391381,7.404560158,75.69577247,13816.24924,1173.316512,2974.524366,4357.983833,3552.001759,1758.422767
Community area,Brighton Park,58,-87.698859,41.817364,11.1,28.3,61,170,15.1,15.8,32.9,88.5,35.8,36.5,75.1,16.5,28.2,23.3,56.7,17.58868567,9.575916638,17.87502115,89.24071358,79.71775618,73.1,8.7,81.6,44738.48385,23.72316803,23.00336597,3.31812086,66.1704079,10.74979079,48.37839485,6.324516828,1.519277241,11.58692924,79.70677873,44347.37761,3027.077778,9565.917857,15449.63745,12056.89579,4247.848738
Community area,McKinley Park,59,-87.6725,41.829927,,14.7,41.5,158.8,18,32.7,20.1,83,24,25.9,78.2,17.4,25.9,25.7,84.3,3.393832637,9.514358398,12.51767312,77.56539472,80.42554489,89.9,6.5,88.5,53794.80877,19.2263801,18.99670407,2.354456627,73.16132207,21.65928373,49.8373103,16.82280511,1.56970207,26.71446146,54.15496223,15188.12425,1024.842868,2384.82521,4941.678255,5138.571341,1698.206576
Community area,Lake View,6,-87.656001,41.944236,6.6,14.7,40.9,143.8,19.6,30.7,17.8,86.9,14.1,11.5,75.6,13.6,39.8,39.5,82.9,5.19481248,9.194502871,3.933201746,3.76950203,82.45354208,85.7,6.9,90.5,113358.3946,7.920006136,3.185926113,0.872342957,97.35196404,81.32041661,48.94068592,77.91251,3.6326966,6.969005403,8.753165212,90172.37814,5218.255961,6005.672271,53598.18494,18644.95403,6705.310937
Community area,Bridgeport,60,-87.648784,41.836151,9.8,15.7,44,164.9,16.5,32.7,21.3,92,23.4,24.7,74.5,14.4,24.9,31.1,76.9,35.08111136,9.46550036,8.808130102,60.31786155,80.3469067,85.7,7.7,75.9,62299.58582,14.67960241,14.64917057,4.301287818,81.37636589,34.62437673,50.77900727,34.53784978,3.011809964,37.60558292,23.43356409,34483.9015,1658.612328,4709.221615,12150.88787,11417.18932,4547.990372
Community area,New City,61,-87.659171,41.809017,14.5,38,70.8,202.9,11.5,23.1,38.9,105.9,32,42.3,71,20.9,19.9,21.4,53.6,21.37477489,9.504886832,14.53904492,84.03596372,73.70597857,78.2,9,67.6,47877.36159,24.82532523,31.96338158,4.759739983,73.65849418,12.6618284,49.83806458,21.95846776,24.25406307,3.446170859,49.49583555,39458.48823,3203.028833,7412.082198,13063.68574,11007.89077,4771.800684
Community area,West Elsdon,62,-87.724213,41.792977,,21.3,57.4,156.7,21.3,23.3,41.6,90.2,25.4,29,70.9,19.4,37.7,21.2,77.1,23.49352257,9.632298626,10.44972384,79.7350362,83.07787221,82.4,6.9,82.9,65600.53617,9.031988493,16.18882468,4.404272779,71.12343632,13.65093125,51.05414933,15.06200973,1.370315734,3.102480422,80.34993055,18992.53725,1325.076872,3911.127262,6451.657384,5368.550315,1936.125414
Community area,Gage Park,63,-87.696433,41.795429,9.4,25.4,52.2,157.8,23,17.6,36.3,69.8,33.8,24.4,72.9,12.4,28.8,22.3,70.9,20.87080771,9.583076654,15.0393316,89.23122778,79.47203619,82.9,7.3,70.9,45761.74432,18.19114849,31.61672714,4.142675179,68.63666645,7.044193819,50.24275934,3.996822499,5.797722321,0.876322876,89.17826544,37204.52763,3223.248504,8073.819163,12645.00289,9823.703085,3438.753986
Community area,Clearing,64,-87.768517,41.779582,12.1,17.6,58.8,207,24.3,28.7,31.2,127.2,28.3,38.8,73.6,30.8,38.5,13.2,74.3,49.14776097,9.705791455,9.018169874,58.46205003,77.99741906,93.2,6.4,78,64654.75346,8.766306366,12.46844478,4.713111728,85.14941764,18.60434131,51.19033523,43.27034763,2.511612156,0.39791791,51.93862192,25018.2294,1768.544814,4562.363329,7771.784647,7840.917419,3074.619192
Community area,West Lawn,65,-87.726927,41.769774,13,21.9,57.9,177.7,26.3,17.7,28.9,103.3,34.1,34.4,87.9,15.2,27.8,25.3,69.4,33.47657326,9.647724203,10.57845465,79.6748823,78.90552138,80.1,7.2,74.2,63014.89596,12.66707748,15.20254941,3.082317686,74.0905265,12.61324597,48.04779569,14.08596606,4.806651501,0.453285058,80.12566441,31799.90351,2225.992045,6851.741047,10126.09898,9278.183909,3317.88753
Community area,Chicago Lawn,66,-87.695667,41.771849,16.8,28.7,74.6,203.3,17.8,27.7,40.5,97.3,36.7,38.7,78.7,21.9,27.6,25.7,53.9,27.0809917,9.588683925,13.94823269,91.76432954,73.52538107,72.1,10.8,74.1,39008.7455,24.24727808,34.96133897,5.860047107,76.98877959,7.995322783,54.11846311,2.833029056,52.37492214,0.513763593,41.77819318,51182.39342,4328.850374,9876.330555,16730.08339,13934.16789,6312.961213
Community area,West Englewood,67,-87.666598,41.775926,12.1,30.9,66.5,243.9,16.2,41.4,51,119,35.5,36.3,87.4,33.8,19.6,18.3,60.9,63.50066022,9.530789867,8.115023858,95.34367954,71.84962002,79.4,15.2,74.5,29425.74811,33.27760618,44.98391784,9.052965299,77.89336843,8.947627333,53.61294324,1.522840817,86.63084439,0.084954744,10.43494644,26567.53568,1774.056074,4401.825226,7060.979611,7991.577956,5339.096814
Community area,Englewood,68,-87.642502,41.777201,12.4,30.9,78.6,210.3,15.2,37,34.3,106,28.1,39.1,90.7,28.1,20.2,24.3,54.5,22.2534617,9.480166496,12.30064155,94.97714468,71.06905129,63.7,16.9,73.5,25565.98286,40.10256256,45.53019228,8.396569086,76.44494376,8.892935211,52.57091465,0.631073156,94.203626,0.267400091,4.310272491,22874.51699,2055.198018,4090.102928,6492.421054,6953.524629,3283.270364
Community area,Greater Grand Crossing,69,-87.616139,41.763251,12,42.3,81.2,219,31.2,41.3,47.1,109.1,30.5,27.6,77.2,28.5,14.3,26.6,56.8,10.55558629,9.430747893,7.064596858,89.42094711,71.65032913,74.8,15.6,74.3,31107.07274,35.86726727,44.0301799,7.222560059,85.6394639,16.54711069,55.78884619,0.946785562,95.74329851,0.106527176,1.938311568,30215.36337,1797.11152,5398.939879,9290.84176,9380.444082,4348.026133
Community area,Lincoln Park,7,-87.649491,41.922696,7.5,17.3,38,156.7,34.2,21,19.1,72.2,11.6,15.5,69.2,9.2,33.8,38.8,87.4,4.682803592,9.251539418,2.515177542,1.611113233,80.68905687,92.4,6.6,89.5,133791.665,9.14617441,4.745551907,0.791685643,97.57697624,83.77344037,49.31168139,78.85914754,5.002968819,6.808082803,6.281940188,62535.37409,3349.579412,5789.044208,33659.70267,13930.1461,5806.901713
Community area,Ashburn,70,-87.708363,41.745756,7.2,25.5,67.6,221.4,38.3,27.9,31.6,105.5,36.7,30.4,82.1,15.3,21.4,21.3,75.1,68.21325813,9.602943241,9.414188134,71.31324094,76.14440596,79.4,9.2,84.1,77056.23412,13.11170956,13.79398968,3.950941626,83.1474254,20.90844335,52.5717974,8.081197813,51.36482107,0.759756912,37.45460609,43537.90972,2750.181687,8640.16213,12360.91071,14672.9485,5113.70669
Community area,Auburn Gresham,71,-87.656305,41.744203,14,31.9,78.9,217.5,25.7,38.3,41.2,111.1,24.4,35,83,20.2,20.1,19.4,65,25.2419026,9.514295518,8.113350526,83.6347296,71.0516602,82.5,15.4,78.4,37669.84157,25.16863313,33.71704212,5.640845401,84.3329609,15.51357797,54.26831517,1.007836129,95.1563989,0.274042286,2.551895569,45992.39708,2424.550304,8086.05177,12231.63427,15010.10011,8240.06062
Community area,Beverly,72,-87.675072,41.713148,7.2,15.4,49.7,178.4,27.1,19.1,27.2,89.4,16.5,15.5,68.8,5.2,31.5,44.8,86.2,50.25453852,9.532579119,3.47187052,14.1532192,79.48794666,85.7,7.9,94,113510.8396,4.691243438,3.049268458,1.227482701,96.56261467,55.99058329,52.80188832,58.16779975,33.61994829,0.921465638,4.903973211,19826.53254,1298.266793,3192.266475,4349.122093,7512.073676,3474.8035
Community area,Washington Heights,73,-87.648897,41.717495,9.2,36.6,72.4,201.6,42.1,38.3,39.9,101.1,33.9,38.1,86.6,14.9,9.8,15.5,59.5,64.85560308,9.4964258,6.4698993,77.02780509,72.78146855,78,13.9,86.9,57158.7918,21.07600005,25.1228385,6.153589621,88.43042696,24.36889054,55.66599194,1.396986018,96.0516013,0.133699408,0.963191369,26635.00775,1411.645624,4189.350621,6971.055192,9206.130247,4856.826069
Community area,Mount Greenwood,74,-87.713189,41.694876,,16.7,56.5,194.4,33,14.7,23.6,119.1,23.6,28.3,81.8,28.7,34.8,30.5,82.6,62.78466792,9.574997619,2.714848467,19.40817104,78.24661685,90.7,6.1,91.3,105736.2345,4.641217495,3.733200438,1.221577753,96.29900398,40.24117392,52.25697646,80.75710042,4.994950409,2.472997082,10.57465915,19196.88304,1390.893518,3295.90867,5518.53701,6593.488649,2398.055189
Community area,Morgan Park,75,-87.669062,41.689729,13.2,23.3,61.2,198.4,38.5,37.5,46.5,113.5,20.9,34.1,75.3,21.3,31.6,28.8,73.2,32.35085566,9.513222777,5.736834231,53.12025138,75.01295386,79.5,10.8,85.9,67711.02512,11.89004956,12.48820561,3.288771257,92.31043944,37.27991594,55.52623158,27.81131853,63.86949833,0.274962803,5.265582116,21594.81594,1189.782263,3613.802519,5113.302163,7681.268866,3996.660127
Community area,O'Hare,76,-87.893699,41.975696,,14.9,35.5,180.8,10.6,,13.2,74,22,36.6,76.8,,27.8,32.7,74.4,75.77128405,9.576425952,14.19497837,58.9188695,81.43952442,78.4,5.7,96.5,62772.72561,13.28540386,8.806883638,0.589074303,81.94786612,28.55687579,48.32464292,63.02516473,1.843655732,4.382254107,29.9091543,15655.21018,1159.729352,1616.185515,5802.300811,4710.727015,2366.267487
Community area,Edgewater,77,-87.663419,41.986719,9.8,19.1,50.6,158.7,18.5,30.5,20.8,102,16.8,16.5,76.4,12.1,31.8,32.3,84.9,0.001516512,9.056449405,7.11648731,26.8035636,81.4153807,80.4,7.4,87,71991.04988,13.15240163,8.677937646,2.150812545,91.21332573,59.61123064,48.28568973,60.48169923,9.997478395,10.50912946,15.54024962,48691.02556,1877.377542,3498.895647,20119.02599,15648.26812,7547.458257
Community area,Near North Side,8,-87.633318,41.899611,4.1,8.2,22.6,143.7,17.8,29.4,17.8,52.3,18.8,15.8,78.3,13,29.6,35.3,80.4,0.003472767,9.292109191,2.245889792,3.9200019,82.1246585,86.4,9.2,89.8,111369.3755,9.425435988,6.193027795,1.232912254,97.23332382,78.31685525,52.25545377,67.58397968,10.67683121,12.13273424,6.999336161,84576.02433,3257.400822,3145.387457,43140.4299,21335.98549,13696.82067
Community area,Edison Park,9,-87.81378,42.007627,,6.8,23.5,117.1,15.2,26.1,18.8,97.1,27.3,28.3,85.5,29.4,16.9,39.3,93.6,26.39031882,9.354181208,2.339995774,6.406122008,82.6371386,92,5,93.2,111770.3169,3.505145664,1.461104147,0.679269679,95.63652224,49.03594665,50.54365547,83.51328815,0.365507475,3.410075474,9.728614648,11254.8028,825.142461,1590.782999,2881.178697,4120.859646,1836.838995